{
  "$schema": "https://biomejs.dev/schemas/2.1.2/schema.json",
  "formatter": {
    "enabled": true,
    "indentStyle": "space",
    "indentWidth": 2,
    "lineEnding": "lf",
    "lineWidth": 100,
    "attributePosition": "auto"
  },
  "organizeImports": {
    "enabled": true
  },
  "linter": {
    "enabled": true,
    "rules": {
      "recommended": true,
      "style": {
        "noDefaultExport": "off"
      },
      "suspicious": {
        "noExplicitAny": "error"
      },
      "correctness": {
        "useExhaustiveDependencies": "warn"
      }
    }
  },
  "files": {
    "include": ["src/**/*"],
    "ignore": [".next/**", "dist/**", "dist-cpanel/**", "node_modules/**", "public/**"]
  }
}
